{"cameraMode":{"drawMode":0,"name":"Shaded","section":"Shading Mode"},"sceneLighting":true,"audioPlay":false,"sceneViewState":{"m_AlwaysRefresh":false,"showFog":true,"showSkybox":true,"showFlares":true,"showImageEffects":true,"showParticleSystems":true,"showVisualEffectGraphs":true,"m_FxEnabled":true},"in2DMode":false,"pivot":{"x":1.5292876958847047,"y":-1.355425477027893,"z":11.451208114624024},"rotation":{"x":-0.16449525952339173,"y":0.02721828781068325,"z":-0.004540977533906698,"w":-0.9859923124313355},"size":15.395380020141602,"orthographic":false}